Casa de Apostas,Partida,Aposta,Odd,Data de Adição
7KBET,Real Madrid vs. Girona,Vini Jr - Marcar a qualquer momento,3.0,
7KBET,Man City vs. Liverpool,Salah - Marcar a qualquer momento,3.5,
7KBET,Man City vs. Liverpool,Haaland - Marcar a qualquer momento,3.0,
7KBET,Inter de Limeira vs. Santos,Neymar J - Marcar a qualquer momento,4.0,
APOSTATUDO,Inter de Limeira vs Santos FC,Neymar para marcar a Qualquer Momento,2.0,
APOSTATUDO,Barcelona vs Atletico de Madrid,Menos de 6.5 Gols na partida,2.0,
APOSTATUDO,Liverpool vs Newcastle,Mohamed Salah para tocar na bola a qualquer momento,2.0,
APOSTATUDO,Monaco vs Reims,Menos de 6.5 Gols na partida,2.0,
APOSTATUDO,Barcelona vs Real Sociedad,Raphinha para tocar na bola a qualquer momento,2.0,
APOSTATUDO,Manchester United vs Fulham,Menos de 6.5 Gols na partida,2.0,
BATEUBET,Real Madrid vs. Girona,Vini Jr - Marcar a qualquer momento,3.0,
BATEUBET,Man City vs. Liverpool,Salah - Marcar a qualquer momento,3.5,
BATEUBET,Man City vs. Liverpool,Haaland - Marcar a qualquer momento,3.0,
BATEUBET,Inter de Limeira vs. Santos,Neymar J - Marcar a qualquer momento,4.0,
CASSINOBET,Real Madrid vs. Girona,Vini Jr - Marcar a qualquer momento,3.0,
CASSINOBET,Man City vs. Liverpool,Salah - Marcar a qualquer momento,3.5,
CASSINOBET,Man City vs. Liverpool,Haaland - Marcar a qualquer momento,3.0,
CASSINOBET,Inter de Limeira vs. Santos,Neymar J - Marcar a qualquer momento,4.0,
VERABET,Real Madrid vs. Girona,Vini Jr - Marcar a qualquer momento,3.0,
VERABET,Man City vs. Liverpool,Salah - Marcar a qualquer momento,3.5,
VERABET,Man City vs. Liverpool,Haaland - Marcar a qualquer momento,3.0,
VERABET,Inter de Limeira vs. Santos,Neymar J - Marcar a qualquer momento,4.0,
BETESPORTE,Partida,Denver Nuggets para vencer o Lakers e Nikola Jokic para marcar + de 35 Pontos,7.5,2025-02-22 20:41:21
BETESPORTE,Partida,Juventus para vencer o Cagliari,1.9,2025-02-22 20:41:21
